Repetition,Fold,LR,NB,KNN,SVM,RF,XGB,CatBoost,MLP
1,1,0.7988469614372904,0.7685719916891376,0.8274829912498115,0.8327664667493936,0.8595747234392083,0.8755402115592336,0.8782846239136586,0.873959077701278
1,2,0.8235351114115804,0.7888503637378621,0.8284987266146889,0.8584940250537046,0.8729604088926668,0.8882724130679172,0.8904272034300476,0.8820343114855722
1,3,0.8433791120766256,0.7950796567750374,0.8316119967980937,0.8598775171794157,0.8757037201789455,0.8976480083328837,0.8981924865311838,0.8905048287343552
1,4,0.8086371088593044,0.766732106816823,0.82759089592814,0.8522487665284092,0.8670999736844713,0.8832493401849134,0.8879916406906341,0.8845122653486147
1,5,0.817600354103516,0.7699097894867811,0.8213026957451424,0.847508668158981,0.8604357587295435,0.8860091674933853,0.8876481074290169,0.8809750839289194
1,6,0.8156492613484341,0.800233206233367,0.8357822924018591,0.8566145017281265,0.8672623812360369,0.8855142373616646,0.8899823718989792,0.8797996936828418
1,7,0.815764873503786,0.7817495752629625,0.812651603320381,0.8433477316344586,0.8667977304783371,0.8839171380155889,0.8862816818595718,0.8815971874315273
1,8,0.8404546750802954,0.7912347268084768,0.8354839029342365,0.855962118851498,0.8863521502209292,0.8942490109655378,0.8995148693747804,0.8890299479525087
1,9,0.8307487593714664,0.7825665678274494,0.8242480530362505,0.8478615604998408,0.8636294068876217,0.8774235886233235,0.8844148208176752,0.8784068424778878
1,10,0.8274284883765741,0.7800605367266786,0.837291856830311,0.8595609600873808,0.8694705734032586,0.8808429557513744,0.8888141385958518,0.8857339004568332
2,1,0.7988469614372904,0.7685719916891376,0.8274829912498115,0.8327664667493936,0.8602573856898578,0.8755402115592336,0.8778045582019117,0.8729449939386198
2,2,0.8235351114115804,0.7888503637378621,0.8284987266146889,0.8584940250537046,0.8712075084039026,0.8882724130679172,0.8905769486979318,0.8812481488291791
2,3,0.8433791120766256,0.7950796567750374,0.8316119967980937,0.8598775171794157,0.8772479682540032,0.8976480083328837,0.899929972065901,0.8907239412954507
2,4,0.8086371088593044,0.766732106816823,0.82759089592814,0.8522487665284092,0.8690081247818509,0.8832493401849134,0.8878793317397208,0.8799488884166529
2,5,0.817600354103516,0.7699097894867811,0.8213026957451424,0.847508668158981,0.8609818885300629,0.8860091674933853,0.888244886364262,0.8808737856594684
2,6,0.8156492613484341,0.800233206233367,0.8357822924018591,0.8566145017281265,0.8673719375165848,0.8855142373616646,0.890039627442582,0.8777473026583089
2,7,0.815764873503786,0.7817495752629625,0.812651603320381,0.8433477316344586,0.8662092095541886,0.8839171380155889,0.8857201371050056,0.8829927913068468
2,8,0.8404546750802954,0.7912347268084768,0.8354839029342365,0.855962118851498,0.8858478610099657,0.8942490109655378,0.8992550172922752,0.8916587481515817
2,9,0.8307487593714664,0.7825665678274494,0.8242480530362505,0.8478615604998408,0.8644359393047194,0.8774235886233235,0.884719816694175,0.8767012879194106
2,10,0.8274284883765741,0.7800605367266786,0.837291856830311,0.8595609600873808,0.8702930713084763,0.8808429557513744,0.8887315584848862,0.88312106574588
3,1,0.7988469614372904,0.7685719916891376,0.8274829912498115,0.8327664667493936,0.8610886921402452,0.8755402115592336,0.8783892253875485,0.8714976398604286
3,2,0.8235351114115804,0.7888503637378621,0.8284987266146889,0.8584940250537046,0.872042668592802,0.8882724130679172,0.8904183948848777,0.882371238338312
3,3,0.8433791120766256,0.7950796567750374,0.8316119967980937,0.8598775171794157,0.8758501622423914,0.8976480083328837,0.8988123878974992,0.8907927580545888
3,4,0.8086371088593044,0.766732106816823,0.82759089592814,0.8522487665284092,0.8661552572150243,0.8832493401849134,0.8872297015334576,0.8833864231691163
3,5,0.817600354103516,0.7699097894867811,0.8213026957451424,0.847508668158981,0.8605045754886816,0.8860091674933853,0.8873893564146579,0.8814656097880554
3,6,0.8156492613484341,0.800233206233367,0.8357822924018591,0.8566145017281265,0.8661635152261209,0.8855142373616646,0.889369076941541,0.8804829064675642
3,7,0.815764873503786,0.7817495752629625,0.812651603320381,0.8433477316344586,0.8682269169321157,0.8839171380155889,0.8862761765188409,0.8833533911247301
3,8,0.8404546750802954,0.7912347268084768,0.8354839029342365,0.855962118851498,0.8835504823229015,0.8942490109655378,0.8991570222272626,0.8896944425787455
3,9,0.8307487593714664,0.7825665678274494,0.8242480530362505,0.8478615604998408,0.8641458078481935,0.8774235886233235,0.8851723557022667,0.8777687734871599
3,10,0.8274284883765741,0.7800605367266786,0.837291856830311,0.8595609600873808,0.8693863416900736,0.8808429557513744,0.8883516899744441,0.8846884362520081
4,1,0.7988469614372904,0.7685719916891376,0.8274829912498115,0.8327664667493936,0.8606912065394641,0.8755402115592336,0.8778111646107889,0.8726532108798745
4,2,0.8235351114115804,0.7888503637378621,0.8284987266146889,0.8584940250537046,0.8707368017713984,0.8882724130679172,0.8910856421814801,0.8831728159487519
4,3,0.8433791120766256,0.7950796567750374,0.8316119967980937,0.8598775171794157,0.8766776149542671,0.8976480083328837,0.8982717634377109,0.891575617506543
4,4,0.8086371088593044,0.766732106816823,0.82759089592814,0.8522487665284092,0.8681404830826386,0.8832493401849134,0.8874873514796703,0.8827494552465347
4,5,0.817600354103516,0.7699097894867811,0.8213026957451424,0.847508668158981,0.8612984456220979,0.8860091674933853,0.8876481074290169,0.8820161438611597
4,6,0.8156492613484341,0.800233206233367,0.8357822924018591,0.8566145017281265,0.8668626934989634,0.8855142373616646,0.8892920021713064,0.8812228242618163
4,7,0.815764873503786,0.7817495752629625,0.812651603320381,0.8433477316344586,0.868022118256921,0.8839171380155889,0.8855516736786357,0.8813769738022856
4,8,0.8404546750802954,0.7912347268084768,0.8354839029342365,0.855962118851498,0.8847710163629737,0.8942490109655378,0.899665715710811,0.8869797590642683
4,9,0.8307487593714664,0.7825665678274494,0.8242480530362505,0.8478615604998408,0.8628201218001583,0.8774235886233235,0.884409315476944,0.8788180914304966
4,10,0.8274284883765741,0.7800605367266786,0.837291856830311,0.8595609600873808,0.8693758815426845,0.8808429557513744,0.88853006301413,0.8815812219434073
5,1,0.7988469614372904,0.7685719916891376,0.8274829912498115,0.8327664667493936,0.8609306888612642,0.8755402115592336,0.878534566382848,0.8742095707045405
5,2,0.8235351114115804,0.7888503637378621,0.8284987266146889,0.8584940250537046,0.8719567852773975,0.8882724130679172,0.8904481237248254,0.8817931775615526
5,3,0.8433791120766256,0.7950796567750374,0.8316119967980937,0.8598775171794157,0.8760252320776385,0.8976480083328837,0.898752930217604,0.8933665048463515
5,4,0.8086371088593044,0.766732106816823,0.82759089592814,0.8522487665284092,0.8671919128746798,0.8832493401849134,0.887817671923533,0.8828854371625915
5,5,0.817600354103516,0.7699097894867811,0.8213026957451424,0.847508668158981,0.8594057094787653,0.8860091674933853,0.8884188551313629,0.8807499154930197
5,6,0.8156492613484341,0.800233206233367,0.8357822924018591,0.8566145017281265,0.8663374839932219,0.8855142373616646,0.8895837852300518,0.8830120599994055
5,7,0.815764873503786,0.7817495752629625,0.812651603320381,0.8433477316344586,0.8679472456229789,0.8839171380155889,0.8853733006389499,0.8820574339166425
5,8,0.8404546750802954,0.7912347268084768,0.8354839029342365,0.855962118851498,0.8850672036943039,0.8942490109655378,0.8999861265413578,0.8905642864142506
5,9,0.8307487593714664,0.7825665678274494,0.8242480530362505,0.8478615604998408,0.8629472951710455,0.8774235886233235,0.8845656671537059,0.8780308277059576
5,10,0.8274284883765741,0.7800605367266786,0.837291856830311,0.8595609600873808,0.8683128002475201,0.8808429557513744,0.8891059216545971,0.8815773682048955
6,1,0.7988469614372904,0.7685719916891376,0.8274829912498115,0.8327664667493936,0.8591172296244586,0.8755402115592336,0.8782934324588283,0.8739249445887455
6,2,0.8235351114115804,0.7888503637378621,0.8284987266146889,0.8584940250537046,0.8722898583916258,0.8882724130679172,0.8906342042415348,0.8825308932195123
6,3,0.8433791120766256,0.7950796567750374,0.8316119967980937,0.8598775171794157,0.8757681326654989,0.8976480083328837,0.8996260772575474,0.8929745245863012
6,4,0.8086371088593044,0.766732106816823,0.82759089592814,0.8522487665284092,0.8668891191344724,0.8832493401849134,0.8882889290901103,0.8834684527460089
6,5,0.817600354103516,0.7699097894867811,0.8213026957451424,0.847508668158981,0.8596815270493907,0.8860091674933853,0.8879663161232711,0.8829575571261681
6,6,0.8156492613484341,0.800233206233367,0.8357822924018591,0.8566145017281265,0.8674490122868193,0.8855142373616646,0.889453859188799,0.8831540977902662
6,7,0.815764873503786,0.7817495752629625,0.812651603320381,0.8433477316344586,0.8670763007193278,0.8839171380155889,0.8851266613741992,0.8837024297270782
6,8,0.8404546750802954,0.7912347268084768,0.8354839029342365,0.855962118851498,0.8847319284437833,0.8942490109655378,0.8995985505538925,0.8927350422645007
6,9,0.8307487593714664,0.7825665678274494,0.8242480530362505,0.8478615604998408,0.8625762352057731,0.8774235886233235,0.8844841881108864,0.8773773437611827
6,10,0.8274284883765741,0.7800605367266786,0.837291856830311,0.8595609600873808,0.8712537532660434,0.8808429557513744,0.888556488649639,0.8831843771642871
7,1,0.7988469614372904,0.7685719916891376,0.8274829912498115,0.8327664667493936,0.8602386675313722,0.8755402115592336,0.8787657906935519,0.8723135313567691
7,2,0.8235351114115804,0.7888503637378621,0.8284987266146889,0.8584940250537046,0.8737350103335245,0.8882724130679172,0.8908257900989751,0.883785560372117
7,3,0.8433791120766256,0.7950796567750374,0.8316119967980937,0.8598775171794157,0.876260310126854,0.8976480083328837,0.8985481315424092,0.8926221827795143
7,4,0.8086371088593044,0.766732106816823,0.82759089592814,0.8522487665284092,0.8652975251291278,0.8832493401849134,0.8876921501548652,0.8821345086868772
7,5,0.817600354103516,0.7699097894867811,0.8213026957451424,0.847508668158981,0.860591559872232,0.8860091674933853,0.8869247056569579,0.8837316080329527
7,6,0.8156492613484341,0.800233206233367,0.8357822924018591,0.8566145017281265,0.867762816708489,0.8855142373616646,0.8892347466277034,0.8808897511475884
7,7,0.815764873503786,0.7817495752629625,0.812651603320381,0.8433477316344586,0.8665989876779465,0.8839171380155889,0.8870282060627014,0.8811936459559419
7,8,0.8404546750802954,0.7912347268084768,0.8354839029342365,0.855962118851498,0.8855830541208026,0.8942490109655378,0.8988289039196924,0.8925919034054937
7,9,0.8307487593714664,0.7825665678274494,0.8242480530362505,0.8478615604998408,0.8631972376402348,0.8774235886233235,0.8844682226227663,0.8777698745553062
7,10,0.8274284883765741,0.7800605367266786,0.837291856830311,0.8595609600873808,0.8690945586313283,0.8808429557513744,0.8891169323360594,0.8843234321615399
8,1,0.7988469614372904,0.7685719916891376,0.8274829912498115,0.8327664667493936,0.8610237291196189,0.8755402115592336,0.8775292911653595,0.8727434984678636
8,2,0.8235351114115804,0.7888503637378621,0.8284987266146889,0.8584940250537046,0.8718070400095131,0.8882724130679172,0.8901491837231298,0.8818339170829621
8,3,0.8433791120766256,0.7950796567750374,0.8316119967980937,0.8598775171794157,0.8772947636502171,0.8976480083328837,0.898974244914992,0.892002831947272
8,4,0.8086371088593044,0.766732106816823,0.82759089592814,0.8522487665284092,0.867146218546612,0.8832493401849134,0.8873937606872426,0.8822380090926208
8,5,0.817600354103516,0.7699097894867811,0.8213026957451424,0.847508668158981,0.8610628170388095,0.8860091674933853,0.8875126760470332,0.881436431482181
8,6,0.8156492613484341,0.800233206233367,0.8357822924018591,0.8566145017281265,0.8670928167415209,0.8855142373616646,0.8895815830937592,0.8804531776276165
8,7,0.815764873503786,0.7817495752629625,0.812651603320381,0.8433477316344586,0.8674209350490911,0.8839171380155889,0.8860350425948214,0.8826046647853082
8,8,0.8404546750802954,0.7912347268084768,0.8354839029342365,0.855962118851498,0.8851426268623191,0.8942490109655378,0.8996723221196884,0.8935779099304235
8,9,0.8307487593714664,0.7825665678274494,0.8242480530362505,0.8478615604998408,0.8631465885055092,0.8774235886233235,0.8854289045803334,0.8758611729238535
8,10,0.8274284883765741,0.7800605367266786,0.837291856830311,0.8595609600873808,0.8695371880261042,0.8808429557513744,0.8885377704911535,0.8849482883345132
9,1,0.7988469614372904,0.7685719916891376,0.8274829912498115,0.8327664667493936,0.8606983634824144,0.8755402115592336,0.8780247718311535,0.8717932766576856
9,2,0.8235351114115804,0.7888503637378621,0.8284987266146889,0.8584940250537046,0.8714557992708727,0.8882724130679172,0.8908015665997584,0.8787795540453793
9,3,0.8433791120766256,0.7950796567750374,0.8316119967980937,0.8598775171794157,0.8756723397367787,0.8976480083328837,0.898473258908467,0.8935536864312069
9,4,0.8086371088593044,0.766732106816823,0.82759089592814,0.8522487665284092,0.8656289466411365,0.8832493401849134,0.8884452807668719,0.8826415505682061
9,5,0.817600354103516,0.7699097894867811,0.8213026957451424,0.847508668158981,0.8610275828581306,0.8860091674933853,0.8866373268707973,0.8825308932195122
9,6,0.8156492613484341,0.800233206233367,0.8357822924018591,0.8566145017281265,0.8681625044455626,0.8855142373616646,0.8895001040509398,0.8825529145824365
9,7,0.815764873503786,0.7817495752629625,0.812651603320381,0.8433477316344586,0.8675271881252002,0.8839171380155889,0.8862783786551334,0.881283933543931
9,8,0.8404546750802954,0.7912347268084768,0.8354839029342365,0.855962118851498,0.8839171380155889,0.8942490109655378,0.8999299720659012,0.8903435222509355
9,9,0.8307487593714664,0.7825665678274494,0.8242480530362505,0.8478615604998408,0.8643148218086366,0.8774235886233235,0.8842518627320364,0.8771015261905575
9,10,0.8274284883765741,0.7800605367266786,0.837291856830311,0.8595609600873808,0.8684818142079631,0.8808429557513744,0.8891202355404979,0.8827769819501899
10,1,0.7988469614372904,0.7685719916891376,0.8274829912498115,0.8327664667493936,0.8595273775089214,0.8755402115592336,0.8781029476695342,0.8716892257178688
10,2,0.8235351114115804,0.7888503637378621,0.8284987266146889,0.8584940250537046,0.8713110088096462,0.8882724130679172,0.89024497665185,0.8824108767915755
10,3,0.8433791120766256,0.7950796567750374,0.8316119967980937,0.8598775171794157,0.8781624053494295,0.8976480083328837,0.8987727494442359,0.8925153791693322
10,4,0.8086371088593044,0.766732106816823,0.82759089592814,0.8522487665284092,0.867747401754442,0.8832493401849134,0.8877251821992515,0.8841544182010969
10,5,0.817600354103516,0.7699097894867811,0.8213026957451424,0.847508668158981,0.8608222336488628,0.8860091674933853,0.8872021748298023,0.8841043196004444
10,6,0.8156492613484341,0.800233206233367,0.8357822924018591,0.8566145017281265,0.8671286014562728,0.8855142373616646,0.8895892905707827,0.8800606468334933
10,7,0.815764873503786,0.7817495752629625,0.812651603320381,0.8433477316344586,0.8668830632596682,0.8839171380155889,0.8858577706232815,0.8847291757734178
10,8,0.8404546750802954,0.7912347268084768,0.8354839029342365,0.855962118851498,0.8837090361359554,0.8942490109655378,0.8996591093019337,0.8890657326672603
10,9,0.8307487593714664,0.7825665678274494,0.8242480530362505,0.8478615604998408,0.864770113487094,0.8774235886233235,0.88452382656415,0.8745949445557135
10,10,0.8274284883765741,0.7800605367266786,0.837291856830311,0.8595609600873808,0.8693219292035204,0.8808429557513744,0.8891312462219598,0.8829261766840011
11,1,0.7988469614372904,0.7685719916891376,0.8274829912498115,0.8327664667493936,0.8603597850274551,0.8755402115592336,0.8782405811878102,0.8716264648335349
11,2,0.8235351114115804,0.7888503637378621,0.8284987266146889,0.8584940250537046,0.8726807375835297,0.8882724130679172,0.8899669569449322,0.8832003426524071
11,3,0.8433791120766256,0.7950796567750374,0.8316119967980937,0.8598775171794157,0.8765581490604035,0.8976480083328837,0.8988872605314415,0.8916791179122868
11,4,0.8086371088593044,0.766732106816823,0.82759089592814,0.8522487665284092,0.8667977304783371,0.8832493401849134,0.887891443489329,0.8844489539302077
11,5,0.817600354103516,0.7699097894867811,0.8213026957451424,0.847508668158981,0.8609516091560423,0.8860091674933853,0.8874543194352841,0.8813984446311367
11,6,0.8156492613484341,0.800233206233367,0.8357822924018591,0.8566145017281265,0.8684680508561355,0.8855142373616646,0.8900880744410152,0.8815074503776112
11,7,0.815764873503786,0.7817495752629625,0.812651603320381,0.8433477316344586,0.8665098011581036,0.8839171380155889,0.8856221420399929,0.8820150427930133
11,8,0.8404546750802954,0.7912347268084768,0.8354839029342365,0.855962118851498,0.8853397180604905,0.8942490109655378,0.8993706294476271,0.8916136043575872
11,9,0.8307487593714664,0.7825665678274494,0.8242480530362505,0.8478615604998408,0.8624964077651731,0.8774235886233235,0.8849499399367327,0.8783049936743635
11,10,0.8274284883765741,0.7800605367266786,0.837291856830311,0.8595609600873808,0.8694925947661826,0.8808429557513744,0.8889517721141279,0.880233514532448
12,1,0.7988469614372904,0.7685719916891376,0.8274829912498115,0.8327664667493936,0.8602733511779778,0.8755402115592336,0.8778684201543917,0.8738258484555868
12,2,0.8235351114115804,0.7888503637378621,0.8284987266146889,0.8584940250537046,0.8708986587888911,0.8882724130679172,0.8906540234681665,0.8827957001086755
12,3,0.8433791120766256,0.7950796567750374,0.8316119967980937,0.8598775171794157,0.8769192994123598,0.8976480083328837,0.8994080657645983,0.8898430867784839
12,4,0.8086371088593044,0.766732106816823,0.82759089592814,0.8522487665284092,0.8671913623406067,0.8832493401849134,0.8881656094577349,0.8823178365332209
12,5,0.817600354103516,0.7699097894867811,0.8213026957451424,0.847508668158981,0.8606185360418142,0.8860091674933853,0.8874587237078689,0.8832052974590652
12,6,0.8156492613484341,0.800233206233367,0.8357822924018591,0.8566145017281265,0.8676059144976541,0.8855142373616646,0.8896487482506779,0.8772496198562224
12,7,0.815764873503786,0.7817495752629625,0.812651603320381,0.8433477316344586,0.8692762348754527,0.8839171380155889,0.8861374419324186,0.8813367848149489
12,8,0.8404546750802954,0.7912347268084768,0.8354839029342365,0.855962118851498,0.8859183293713231,0.8942490109655378,0.9001061429692946,0.8911104162147699
12,9,0.8307487593714664,0.7825665678274494,0.8242480530362505,0.8478615604998408,0.8643109680701249,0.8774235886233235,0.8849631527544871,0.8788665384289298
12,10,0.8274284883765741,0.7800605367266786,0.837291856830311,0.8595609600873808,0.869942931637982,0.8808429557513744,0.8881325774133486,0.8811958480922344
13,1,0.7988469614372904,0.7685719916891376,0.8274829912498115,0.8327664667493936,0.8604869583983422,0.8755402115592336,0.8780313782400306,0.872914164030526
13,2,0.8235351114115804,0.7888503637378621,0.8284987266146889,0.8584940250537046,0.87149433665599,0.8882724130679172,0.891221073563464,0.881800885038576
13,3,0.8433791120766256,0.7950796567750374,0.8316119967980937,0.8598775171794157,0.8771417151778941,0.8976480083328837,0.8990700378437122,0.8943822402112288
13,4,0.8086371088593044,0.766732106816823,0.82759089592814,0.8522487665284092,0.8667613952295121,0.8832493401849134,0.8882393810235311,0.8833154042736859
13,5,0.817600354103516,0.7699097894867811,0.8213026957451424,0.847508668158981,0.8609962024159638,0.8860091674933853,0.8878694221264047,0.8823437116346567
13,6,0.8156492613484341,0.800233206233367,0.8357822924018591,0.8566145017281265,0.8672304502597971,0.8855142373616646,0.889047565042848,0.8815839746137729
13,7,0.815764873503786,0.7817495752629625,0.812651603320381,0.8433477316344586,0.8662108611564078,0.8839171380155889,0.8863268256535664,0.8826718299422269
13,8,0.8404546750802954,0.7912347268084768,0.8354839029342365,0.855962118851498,0.884756151943,0.8942490109655378,0.8995611142369213,0.8917583948188137
13,9,0.8307487593714664,0.7825665678274494,0.8242480530362505,0.8478615604998408,0.8624931045607344,0.8774235886233235,0.884640539787648,0.8788208441008623
13,10,0.8274284883765741,0.7800605367266786,0.837291856830311,0.8595609600873808,0.8698460376411156,0.8808429557513744,0.888303242976011,0.8825463081735593
14,1,0.7988469614372904,0.7685719916891376,0.8274829912498115,0.8327664667493936,0.8605150356360706,0.8755402115592336,0.8777759304301103,0.8721313045785716
14,2,0.8235351114115804,0.7888503637378621,0.8284987266146889,0.8584940250537046,0.8706701871485528,0.8882724130679172,0.8904128895441467,0.8819941224982355
14,3,0.8433791120766256,0.7950796567750374,0.8316119967980937,0.8598775171794157,0.8772749444235852,0.8976480083328837,0.8987474248768731,0.8897153628735236
14,4,0.8086371088593044,0.766732106816823,0.82759089592814,0.8522487665284092,0.8679092587719346,0.8832493401849134,0.8880433908935058,0.8799307207922407
14,5,0.817600354103516,0.7699097894867811,0.8213026957451424,0.847508668158981,0.8617014365636103,0.8860091674933853,0.8868817639992557,0.8803298579952412
14,6,0.8156492613484341,0.800233206233367,0.8357822924018591,0.8566145017281265,0.8682621511127945,0.8855142373616646,0.8896234236833153,0.8822528735125944
14,7,0.815764873503786,0.7817495752629625,0.812651603320381,0.8433477316344586,0.866754788820635,0.8839171380155889,0.8864281239230177,0.8811908932855764
14,8,0.8404546750802954,0.7912347268084768,0.8354839029342365,0.855962118851498,0.8840057740013586,0.8942490109655378,0.8995721249183832,0.8897153628735236
14,9,0.8307487593714664,0.7825665678274494,0.8242480530362505,0.8478615604998408,0.8640334988972804,0.8774235886233235,0.8843432513881716,0.8779091596758015
14,10,0.8274284883765741,0.7800605367266786,0.837291856830311,0.8595609600873808,0.8703613375335414,0.8808429557513744,0.8885763078762708,0.8796527010853229
15,1,0.7988469614372904,0.7685719916891376,0.8274829912498115,0.8327664667493936,0.8597332772522622,0.8755402115592336,0.878403539273449,0.8738071302971012
15,2,0.8235351114115804,0.7888503637378621,0.8284987266146889,0.8584940250537046,0.8705743942198326,0.8882724130679172,0.8902422239814843,0.88095746683858
15,3,0.8433791120766256,0.7950796567750374,0.8316119967980937,0.8598775171794157,0.8769385681049185,0.8976480083328837,0.8991559211591164,0.8884480334372375
15,4,0.8086371088593044,0.766732106816823,0.82759089592814,0.8522487665284092,0.8681267197308108,0.8832493401849134,0.8874609258441614,0.8845073105419566
15,5,0.817600354103516,0.7699097894867811,0.8213026957451424,0.847508668158981,0.8614124061752306,0.8860091674933853,0.8879255766018616,0.8824229885411837
15,6,0.8156492613484341,0.800233206233367,0.8357822924018591,0.8566145017281265,0.865531502110197,0.8855142373616646,0.8893955025770499,0.8820293566789141
15,7,0.815764873503786,0.7817495752629625,0.812651603320381,0.8433477316344586,0.8684669497879893,0.8839171380155889,0.8865294221924689,0.8833021914559314
15,8,0.8404546750802954,0.7912347268084768,0.8354839029342365,0.855962118851498,0.8865029965569597,0.8942490109655378,0.8998022481609411,0.8934463322869516
15,9,0.8307487593714664,0.7825665678274494,0.8242480530362505,0.8478615604998408,0.8634196534057691,0.8774235886233235,0.8842650755497908,0.8773949608515221
15,10,0.8274284883765741,0.7800605367266786,0.837291856830311,0.8595609600873808,0.8684240081302872,0.8808429557513744,0.8881700137303197,0.8822490197740829
16,1,0.7988469614372904,0.7685719916891376,0.8274829912498115,0.8327664667493936,0.8611905409437696,0.8755402115592336,0.8778981489943394,0.872940039131962
16,2,0.8235351114115804,0.7888503637378621,0.8284987266146889,0.8584940250537046,0.8714695626227003,0.8882724130679172,0.8903798574997606,0.8845986991980921
16,3,0.8433791120766256,0.7950796567750374,0.8316119967980937,0.8598775171794157,0.8739530218264737,0.8976480083328837,0.8988718455773946,0.8907024704665996
16,4,0.8086371088593044,0.766732106816823,0.82759089592814,0.8522487665284092,0.8680700147212812,0.8832493401849134,0.8876426020882858,0.8880918378919389
16,5,0.817600354103516,0.7699097894867811,0.8213026957451424,0.847508668158981,0.8604759477168802,0.8860091674933853,0.8870645413115263,0.8802742540538576
16,6,0.8156492613484341,0.800233206233367,0.8357822924018591,0.8566145017281265,0.8674638767067933,0.8855142373616646,0.8894032100540734,0.8785075902132659
16,7,0.815764873503786,0.7817495752629625,0.812651603320381,0.8433477316344586,0.8690686835298924,0.8839171380155889,0.8859326432572238,0.8806067766340125
16,8,0.8404546750802954,0.7912347268084768,0.8354839029342365,0.855962118851498,0.884556308074463,0.8942490109655378,0.8999916318820889,0.8936896683472637
16,9,0.8307487593714664,0.7825665678274494,0.8242480530362505,0.8478615604998408,0.8624380511534239,0.8774235886233235,0.8845293319048808,0.8781447882590901
16,10,0.8274284883765741,0.7800605367266786,0.837291856830311,0.8595609600873808,0.8701598420627852,0.8808429557513744,0.8881942372295364,0.8837684938158508
17,1,0.7988469614372904,0.7685719916891376,0.8274829912498115,0.8327664667493936,0.860754517957871,0.8755402115592336,0.878150293599821,0.8732136545662946
17,2,0.8235351114115804,0.7888503637378621,0.8284987266146889,0.8584940250537046,0.8716385765831434,0.8882724130679172,0.8908070719404894,0.8810884939479788
17,3,0.8433791120766256,0.7950796567750374,0.8316119967980937,0.8598775171794157,0.8770629888054401,0.8976480083328837,0.899248410883398,0.8912408927900958
17,4,0.8086371088593044,0.766732106816823,0.82759089592814,0.8522487665284092,0.8659983550041896,0.8832493401849134,0.8875181813877644,0.8816362753507178
17,5,0.817600354103516,0.7699097894867811,0.8213026957451424,0.847508668158981,0.8631097027226111,0.8860091674933853,0.8877714270613923,0.8820117395885749
17,6,0.8156492613484341,0.800233206233367,0.8357822924018591,0.8566145017281265,0.8672629317701103,0.8855142373616646,0.8894318378258749,0.8818251085377924
17,7,0.815764873503786,0.7817495752629625,0.812651603320381,0.8433477316344586,0.8672315513279433,0.8839171380155889,0.8857795947849008,0.8823800468834816
17,8,0.8404546750802954,0.7912347268084768,0.8354839029342365,0.855962118851498,0.8839320024355628,0.8942490109655378,0.898805781488622,0.8907509174650329
17,9,0.8307487593714664,0.7825665678274494,0.8242480530362505,0.8478615604998408,0.8645697190844839,0.8774235886233235,0.8847968914644095,0.8793025614148285
17,10,0.8274284883765741,0.7800605367266786,0.837291856830311,0.8595609600873808,0.8685429234900777,0.8808429557513744,0.8886809093501606,0.8842606712772061
18,1,0.7988469614372904,0.7685719916891376,0.8274829912498115,0.8327664667493936,0.8609224308501677,0.8755402115592336,0.8784740076348065,0.87430701523548
18,2,0.8235351114115804,0.7888503637378621,0.8284987266146889,0.8584940250537046,0.8714613046116035,0.8882724130679172,0.8907366035791321,0.881880161945103
18,3,0.8433791120766256,0.7950796567750374,0.8316119967980937,0.8598775171794157,0.8769754538878167,0.8976480083328837,0.8988432178055932,0.8927543109570595
18,4,0.8086371088593044,0.766732106816823,0.82759089592814,0.8522487665284092,0.8673851503343394,0.8832493401849134,0.8870623391752339,0.8809161767830974
18,5,0.817600354103516,0.7699097894867811,0.8213026957451424,0.847508668158981,0.8603080348245833,0.8860091674933853,0.8876238839298003,0.8827533089850466
18,6,0.8156492613484341,0.800233206233367,0.8357822924018591,0.8566145017281265,0.8654648874873514,0.8855142373616646,0.8891554697211765,0.8814545991065933
18,7,0.815764873503786,0.7817495752629625,0.812651603320381,0.8433477316344586,0.8682048955691917,0.8839171380155889,0.8864963901480827,0.8820998250402716
18,8,0.8404546750802954,0.7912347268084768,0.8354839029342365,0.855962118851498,0.8839457657873904,0.8942490109655378,0.9002327658061084,0.8887365132915441
18,9,0.8307487593714664,0.7825665678274494,0.8242480530362505,0.8478615604998408,0.8615891276126971,0.8774235886233235,0.8841186334863451,0.8761529559825987
18,10,0.8274284883765741,0.7800605367266786,0.837291856830311,0.8595609600873808,0.8702732520818445,0.8808429557513744,0.8886974253723536,0.8818994306376615
19,1,0.7988469614372904,0.7685719916891376,0.8274829912498115,0.8327664667493936,0.8591739346339884,0.8755402115592336,0.8777682229530868,0.8705677878109555
19,2,0.8235351114115804,0.7888503637378621,0.8284987266146889,0.8584940250537046,0.8726207293695614,0.8882724130679172,0.8907487153287404,0.8838637362104977
19,3,0.8433791120766256,0.7950796567750374,0.8316119967980937,0.8598775171794157,0.8775645253460381,0.8976480083328837,0.8989588299609451,0.8940210898592724
19,4,0.8086371088593044,0.766732106816823,0.82759089592814,0.8522487665284092,0.8655766459041916,0.8832493401849134,0.8878319858094338,0.8832394305715976
19,5,0.817600354103516,0.7699097894867811,0.8213026957451424,0.847508668158981,0.8594690208971723,0.8860091674933853,0.8875941550898527,0.8808115753092074
19,6,0.8156492613484341,0.800233206233367,0.8357822924018591,0.8566145017281265,0.8674187329127987,0.8855142373616646,0.8897192166120353,0.879099964875926
19,7,0.815764873503786,0.7817495752629625,0.812651603320381,0.8433477316344586,0.867767771515147,0.8839171380155889,0.8858115257611409,0.8805908111458927
19,8,0.8404546750802954,0.7912347268084768,0.8354839029342365,0.855962118851498,0.8855329555201501,0.8942490109655378,0.8996750747900538,0.8889225938082534
19,9,0.8307487593714664,0.7825665678274494,0.8242480530362505,0.8478615604998408,0.8638573279938868,0.8774235886233235,0.8849334239145394,0.8780049526045217
19,10,0.8274284883765741,0.7800605367266786,0.837291856830311,0.8595609600873808,0.8717156513533779,0.8808429557513744,0.8893944015089037,0.8828650674018866
20,1,0.7988469614372904,0.7685719916891376,0.8274829912498115,0.8327664667493936,0.8600151506976919,0.8755402115592336,0.8778023560656192,0.8716187573565115
20,2,0.8235351114115804,0.7888503637378621,0.8284987266146889,0.8584940250537046,0.8730220687088545,0.8882724130679172,0.8909854449801753,0.8827813862227747
20,3,0.8433791120766256,0.7950796567750374,0.8316119967980937,0.8598775171794157,0.8799026435545123,0.8976480083328837,0.8985217059069002,0.8922109338269055
20,4,0.8086371088593044,0.766732106816823,0.82759089592814,0.8522487665284092,0.8669876647335579,0.8832493401849134,0.8879817310773179,0.8819032843761733
20,5,0.817600354103516,0.7699097894867811,0.8213026957451424,0.847508668158981,0.8607055204253647,0.8860091674933853,0.8878969488300601,0.8828023065175525
20,6,0.8156492613484341,0.800233206233367,0.8357822924018591,0.8566145017281265,0.8679604584407334,0.8855142373616646,0.8894263324851438,0.882038165224084
20,7,0.815764873503786,0.7817495752629625,0.812651603320381,0.8433477316344586,0.8681531453663199,0.8839171380155889,0.8861165216376405,0.8814793731398829
20,8,0.8404546750802954,0.7912347268084768,0.8354839029342365,0.855962118851498,0.8843691264896074,0.8942490109655378,0.8993309909943636,0.8884909750949396
20,9,0.8307487593714664,0.7825665678274494,0.8242480530362505,0.8478615604998408,0.862596054432405,0.8774235886233235,0.8853991757403857,0.8806260453265714
20,10,0.8274284883765741,0.7800605367266786,0.837291856830311,0.8595609600873808,0.8704059307934626,0.8808429557513744,0.8885994303073412,0.8815878283522847
21,1,0.7988469614372904,0.7685719916891376,0.8274829912498115,0.8327664667493936,0.861657944371835,0.8755402115592336,0.8786281571752759,0.8736254540529766
21,2,0.8235351114115804,0.7888503637378621,0.8284987266146889,0.8584940250537046,0.8711508033943729,0.8882724130679172,0.8906991672621609,0.8819126434554161
21,3,0.8433791120766256,0.7950796567750374,0.8316119967980937,0.8598775171794157,0.8761457990396484,0.8976480083328837,0.8997515990262153,0.891495790065943
21,4,0.8086371088593044,0.766732106816823,0.82759089592814,0.8522487665284092,0.865752266273512,0.8832493401849134,0.8876569159741866,0.882583193956457
21,5,0.817600354103516,0.7699097894867811,0.8213026957451424,0.847508668158981,0.8607374514016047,0.8860091674933853,0.8878187729916792,0.8816263657374019
21,6,0.8156492613484341,0.800233206233367,0.8357822924018591,0.8566145017281265,0.8667630468317314,0.8855142373616646,0.8896201204788765,0.8815289212064623
21,7,0.815764873503786,0.7817495752629625,0.812651603320381,0.8433477316344586,0.8673130303707627,0.8839171380155889,0.8860207287089206,0.8813219203949754
21,8,0.8404546750802954,0.7912347268084768,0.8354839029342365,0.855962118851498,0.8850985841364709,0.8942490109655378,0.8995335875332662,0.89199182126581
21,9,0.8307487593714664,0.7825665678274494,0.8242480530362505,0.8478615604998408,0.8622189385923283,0.8774235886233235,0.8850534403424763,0.8783947307282794
21,10,0.8274284883765741,0.7800605367266786,0.837291856830311,0.8595609600873808,0.8708237861549488,0.8808429557513744,0.88856199399037,0.8834524872578888
22,1,0.7988469614372904,0.7685719916891376,0.8274829912498115,0.8327664667493936,0.8588689387574887,0.8755402115592336,0.8779146650165326,0.8716187573565115
22,2,0.8235351114115804,0.7888503637378621,0.8284987266146889,0.8584940250537046,0.8716264648335349,0.8882724130679172,0.8901211064854014,0.8831122572007104
22,3,0.8433791120766256,0.7950796567750374,0.8316119967980937,0.8598775171794157,0.8768312139606633,0.8976480083328837,0.8987331109909724,0.8917991343402234
22,4,0.8086371088593044,0.766732106816823,0.82759089592814,0.8522487665284092,0.8687713951304161,0.8832493401849134,0.8870887648107428,0.8856193893696275
22,5,0.817600354103516,0.7699097894867811,0.8213026957451424,0.847508668158981,0.860591559872232,0.8860091674933853,0.8876954533593039,0.8846498988668907
22,6,0.8156492613484341,0.800233206233367,0.8357822924018591,0.8566145017281265,0.867156678694001,0.8855142373616646,0.8894307367577287,0.8812118135803544
22,7,0.815764873503786,0.7817495752629625,0.812651603320381,0.8433477316344586,0.8676301379968709,0.8839171380155889,0.885569290768975,0.8809530625659953
22,8,0.8404546750802954,0.7912347268084768,0.8354839029342365,0.855962118851498,0.8848057000095794,0.8942490109655378,0.8997339819358761,0.8922687399045814
22,9,0.8307487593714664,0.7825665678274494,0.8242480530362505,0.8478615604998408,0.8635837125595541,0.8774235886233235,0.884730827375637,0.8804421669461545
22,10,0.8274284883765741,0.7800605367266786,0.837291856830311,0.8595609600873808,0.8698939341054757,0.8808429557513744,0.8886721008049909,0.8851244592379067
23,1,0.7988469614372904,0.7685719916891376,0.8274829912498115,0.8327664667493936,0.8609510586219691,0.8755402115592336,0.8782031448708392,0.8717228082963282
23,2,0.8235351114115804,0.7888503637378621,0.8284987266146889,0.8584940250537046,0.8719066866767451,0.8882724130679172,0.8899526430590314,0.881172725661164
23,3,0.8433791120766256,0.7950796567750374,0.8316119967980937,0.8598775171794157,0.8761997513788127,0.8976480083328837,0.8990810485251742,0.8896102108655607
23,4,0.8086371088593044,0.766732106816823,0.82759089592814,0.8522487665284092,0.8665356762595394,0.8832493401849134,0.8869830622687067,0.8818295128103774
23,5,0.817600354103516,0.7699097894867811,0.8213026957451424,0.847508668158981,0.8604737455805878,0.8860091674933853,0.8874455108901146,0.8824433583018887
23,6,0.8156492613484341,0.800233206233367,0.8357822924018591,0.8566145017281265,0.8656696861625464,0.8855142373616646,0.8891962092425862,0.8814435884251313
23,7,0.815764873503786,0.7817495752629625,0.812651603320381,0.8433477316344586,0.8672937616782039,0.8839171380155889,0.886545938214662,0.8827445004398767
23,8,0.8404546750802954,0.7912347268084768,0.8354839029342365,0.855962118851498,0.885079315443912,0.8942490109655378,0.8992693311781759,0.892203776883955
23,9,0.8307487593714664,0.7825665678274494,0.8242480530362505,0.8478615604998408,0.8624088728475494,0.8774235886233235,0.8856292989829435,0.8773597266708435
23,10,0.8274284883765741,0.7800605367266786,0.837291856830311,0.8595609600873808,0.8695041559817178,0.8808429557513744,0.8883472857018594,0.8815035966390996
24,1,0.7988469614372904,0.7685719916891376,0.8274829912498115,0.8327664667493936,0.8613265228598264,0.8755402115592336,0.8778408934507366,0.8737239996520624
24,2,0.8235351114115804,0.7888503637378621,0.8284987266146889,0.8584940250537046,0.87191109094933,0.8882724130679172,0.8911704244287383,0.8846020024025307
24,3,0.8433791120766256,0.7950796567750374,0.8316119967980937,0.8598775171794157,0.8793130215622175,0.8976480083328837,0.8986241052444978,0.8908538673367035
24,4,0.8086371088593044,0.766732106816823,0.82759089592814,0.8522487665284092,0.8660776319107166,0.8832493401849134,0.8873453136888095,0.881516809456854
24,5,0.817600354103516,0.7699097894867811,0.8213026957451424,0.847508668158981,0.8594954465326814,0.8860091674933853,0.8875875486809753,0.8818366697533278
24,6,0.8156492613484341,0.800233206233367,0.8357822924018591,0.8566145017281265,0.8654709433621557,0.8855142373616646,0.8899735633538095,0.8830395867030607
24,7,0.815764873503786,0.7817495752629625,0.812651603320381,0.8433477316344586,0.868512644116057,0.8839171380155889,0.8865162093747145,0.8790922573989026
24,8,0.8404546750802954,0.7912347268084768,0.8354839029342365,0.855962118851498,0.885158041816366,0.8942490109655378,0.8990887560021977,0.8912062091434902
24,9,0.8307487593714664,0.7825665678274494,0.8242480530362505,0.8478615604998408,0.8641469089163397,0.8774235886233235,0.8845271297685885,0.8784866699184879
24,10,0.8274284883765741,0.7800605367266786,0.837291856830311,0.8595609600873808,0.871177779563955,0.8808429557513744,0.8886401698287508,0.8827158726680753
25,1,0.7988469614372904,0.7685719916891376,0.8274829912498115,0.8327664667493936,0.8612753231910276,0.8755402115592336,0.8787878120564759,0.8736733505173369
25,2,0.8235351114115804,0.7888503637378621,0.8284987266146889,0.8584940250537046,0.872882233054286,0.8882724130679172,0.8909480086632042,0.8822622325918373
25,3,0.8433791120766256,0.7950796567750374,0.8316119967980937,0.8598775171794157,0.8774830463032187,0.8976480083328837,0.8993078685632934,0.8922076306224669
25,4,0.8086371088593044,0.766732106816823,0.82759089592814,0.8522487665284092,0.8667713048428279,0.8832493401849134,0.8877527089029068,0.8833104494670281
25,5,0.817600354103516,0.7699097894867811,0.8213026957451424,0.847508668158981,0.8608833429309773,0.8860091674933853,0.8874719365256235,0.882931131490659
25,6,0.8156492613484341,0.800233206233367,0.8357822924018591,0.8566145017281265,0.8677820854010476,0.8855142373616646,0.8896982963172574,0.8824664807329591
25,7,0.815764873503786,0.7817495752629625,0.812651603320381,0.8433477316344586,0.868602381169973,0.8839171380155889,0.885753169149392,0.8816775654062005
25,8,0.8404546750802954,0.7912347268084768,0.8354839029342365,0.855962118851498,0.8853325611175402,0.8942490109655378,0.8995556088961902,0.8920171458331727
25,9,0.8307487593714664,0.7825665678274494,0.8242480530362505,0.8478615604998408,0.8626764324070781,0.8774235886233235,0.8849521420730251,0.8769215015486523
25,10,0.8274284883765741,0.7800605367266786,0.837291856830311,0.8595609600873808,0.8698851255603062,0.8808429557513744,0.8884573925164801,0.884751747670415
26,1,0.7988469614372904,0.7685719916891376,0.8274829912498115,0.8327664667493936,0.8591172296244587,0.8755402115592336,0.8781921341893772,0.8705589792657857
26,2,0.8235351114115804,0.7888503637378621,0.8284987266146889,0.8584940250537046,0.8714073522724394,0.8882724130679172,0.8900726594869682,0.8829426927061944
26,3,0.8433791120766256,0.7950796567750374,0.8316119967980937,0.8598775171794157,0.8771191432808967,0.8976480083328837,0.8989092818943657,0.8922951655400904
26,4,0.8086371088593044,0.766732106816823,0.82759089592814,0.8522487665284092,0.8678409925468696,0.8832493401849134,0.8873893564146579,0.8826718299422271
26,5,0.817600354103516,0.7699097894867811,0.8213026957451424,0.847508668158981,0.8605392591352873,0.8860091674933853,0.8877736291976845,0.8816715095313963
26,6,0.8156492613484341,0.800233206233367,0.8357822924018591,0.8566145017281265,0.867272290849353,0.8855142373616646,0.8894736784154309,0.8825022654477108
26,7,0.815764873503786,0.7817495752629625,0.812651603320381,0.8433477316344586,0.8683524387007836,0.8839171380155889,0.8862090113619221,0.8832504412530595
26,8,0.8404546750802954,0.7912347268084768,0.8354839029342365,0.855962118851498,0.8856887566628386,0.8942490109655378,0.8993508102209954,0.8892864968305753
26,9,0.8307487593714664,0.7825665678274494,0.8242480530362505,0.8478615604998408,0.8641270896897081,0.8774235886233235,0.8842881979808612,0.8785841144494274
26,10,0.8274284883765741,0.7800605367266786,0.837291856830311,0.8595609600873808,0.8687785520733664,0.8808429557513744,0.8881711147984661,0.8806497182917147
27,1,0.7988469614372904,0.7685719916891376,0.8274829912498115,0.8327664667493936,0.8614322254018624,0.8755402115592336,0.8783848211149637,0.873029776185878
27,2,0.8235351114115804,0.7888503637378621,0.8284987266146889,0.8584940250537046,0.8716088477431957,0.8882724130679172,0.8897874828371004,0.8795613124291877
27,3,0.8433791120766256,0.7950796567750374,0.8316119967980937,0.8598775171794157,0.874091205878823,0.8976480083328837,0.898456742886274,0.891570112165812
27,4,0.8086371088593044,0.766732106816823,0.82759089592814,0.8522487665284092,0.8679857830080961,0.8832493401849134,0.8876403999519933,0.882566127400191
27,5,0.817600354103516,0.7699097894867811,0.8213026957451424,0.847508668158981,0.859720614968581,0.8860091674933853,0.8882107532517296,0.8827312876221223
27,6,0.8156492613484341,0.800233206233367,0.8357822924018591,0.8566145017281265,0.8677941971506559,0.8855142373616646,0.8899614516042013,0.8792838432563429
27,7,0.815764873503786,0.7817495752629625,0.812651603320381,0.8433477316344586,0.8669050846225924,0.8839171380155889,0.8859667763697561,0.8831766696872636
27,8,0.8404546750802954,0.7912347268084768,0.8354839029342365,0.855962118851498,0.8849460861982208,0.8942490109655378,0.8996943434826123,0.8898414351762645
27,9,0.8307487593714664,0.7825665678274494,0.8242480530362505,0.8478615604998408,0.8630276731457187,0.8774235886233235,0.8850639004898653,0.8768174506088355
27,10,0.8274284883765741,0.7800605367266786,0.837291856830311,0.8595609600873808,0.8704246489519483,0.8808429557513744,0.8879586086462479,0.8800331201298378
28,1,0.7988469614372904,0.7685719916891376,0.8274829912498115,0.8327664667493936,0.8601494810115293,0.8755402115592336,0.8782670068233193,0.8711430959173494
28,2,0.8235351114115804,0.7888503637378621,0.8284987266146889,0.8584940250537046,0.872724229775305,0.8882724130679172,0.8901596438705188,0.8821956179689917
28,3,0.8433791120766256,0.7950796567750374,0.8316119967980937,0.8598775171794157,0.8779064070054359,0.8976480083328837,0.8990810485251743,0.8929800299270322
28,4,0.8086371088593044,0.766732106816823,0.82759089592814,0.8522487665284092,0.8672271470553584,0.8832493401849134,0.8877317886081286,0.8828017559834795
28,5,0.817600354103516,0.7699097894867811,0.8213026957451424,0.847508668158981,0.8626422992945456,0.8860091674933853,0.8868806629311093,0.8840096277398705
28,6,0.8156492613484341,0.800233206233367,0.8357822924018591,0.8566145017281265,0.8676334412013094,0.8855142373616646,0.8895782798893207,0.8801580913644326
28,7,0.815764873503786,0.7817495752629625,0.812651603320381,0.8433477316344586,0.8678233754565303,0.8839171380155889,0.8859579678245865,0.8822622325918374
28,8,0.8404546750802954,0.7912347268084768,0.8354839029342365,0.855962118851498,0.8849714107655836,0.8942490109655378,0.9000202596538901,0.8905158394158175
28,9,0.8307487593714664,0.7825665678274494,0.8242480530362505,0.8478615604998408,0.8649804175030197,0.8774235886233235,0.8846911889223736,0.8775034160639236
28,10,0.8274284883765741,0.7800605367266786,0.837291856830311,0.8595609600873808,0.8690984123698401,0.8808429557513744,0.8890475650428481,0.8840641306131077
29,1,0.7988469614372904,0.7685719916891376,0.8274829912498115,0.8327664667493936,0.8598136552269356,0.8755402115592336,0.8780985433969495,0.8723696858322257
29,2,0.8235351114115804,0.7888503637378621,0.8284987266146889,0.8584940250537046,0.8717277631029863,0.8882724130679172,0.8907487153287404,0.8838703426193751
29,3,0.8433791120766256,0.7950796567750374,0.8316119967980937,0.8598775171794157,0.8781745170990377,0.8976480083328837,0.8988068825567683,0.8924427086716825
29,4,0.8086371088593044,0.766732106816823,0.82759089592814,0.8522487665284092,0.8679455940207594,0.8832493401849134,0.8883153547256194,0.8836561848649374
29,5,0.817600354103516,0.7699097894867811,0.8213026957451424,0.847508668158981,0.8598477883394682,0.8860091674933853,0.887538000614396,0.8842458068572321
29,6,0.8156492613484341,0.800233206233367,0.8357822924018591,0.8566145017281265,0.8676565636323798,0.8855142373616646,0.8892732840128209,0.8828782802196411
29,7,0.815764873503786,0.7817495752629625,0.812651603320381,0.8433477316344586,0.8683849202110968,0.8839171380155889,0.8864611559674039,0.8830643607363503
29,8,0.8404546750802954,0.7912347268084768,0.8354839029342365,0.855962118851498,0.8857779431826814,0.8942490109655378,0.900183217739529,0.8908588221433612
29,9,0.8307487593714664,0.7825665678274494,0.8242480530362505,0.8478615604998408,0.8622079279108663,0.8774235886233235,0.8842188306876501,0.8796620601645655
29,10,0.8274284883765741,0.7800605367266786,0.837291856830311,0.8595609600873808,0.8678415430809427,0.8808429557513744,0.8891741878796622,0.884482536508667
30,1,0.7988469614372904,0.7685719916891376,0.8274829912498115,0.8327664667493936,0.8597866790573534,0.8755402115592336,0.8781073519421191,0.8725045666801363
30,2,0.8235351114115804,0.7888503637378621,0.8284987266146889,0.8584940250537046,0.8713016497304035,0.8882724130679172,0.8907321993065473,0.8820789047454936
30,3,0.8433791120766256,0.7950796567750374,0.8316119967980937,0.8598775171794157,0.877500663393558,0.8976480083328837,0.899169133976871,0.88987611882287
30,4,0.8086371088593044,0.766732106816823,0.82759089592814,0.8522487665284092,0.8678409925468696,0.8832493401849134,0.8870260039264091,0.8826944018392243
30,5,0.817600354103516,0.7699097894867811,0.8213026957451424,0.847508668158981,0.861388733210087,0.8860091674933853,0.8879233744655691,0.8798921834071232
30,6,0.8156492613484341,0.800233206233367,0.8357822924018591,0.8566145017281265,0.8663077551532742,0.8855142373616646,0.8900220103522427,0.8789827011183549
30,7,0.815764873503786,0.7817495752629625,0.812651603320381,0.8433477316344586,0.8680975414249363,0.8839171380155889,0.8863620598342452,0.882719726406587
30,8,0.8404546750802954,0.7912347268084768,0.8354839029342365,0.855962118851498,0.8859100713602265,0.8942490109655378,0.8999178603162928,0.8911709749628115
30,9,0.8307487593714664,0.7825665678274494,0.8242480530362505,0.8478615604998408,0.8615599493068224,0.8774235886233235,0.8837497756573651,0.8793708276398935
30,10,0.8274284883765741,0.7800605367266786,0.837291856830311,0.8595609600873808,0.8707439587143488,0.8808429557513744,0.8890695864057724,0.8828265300167693
